{"sections":{"rich-text":{"type":"rich-text","blocks":{"heading":{"type":"heading","settings":{"heading":"<p>Welcome to KnitWit<\/p>","heading_size":"h1"}}},"block_order":["heading"],"settings":{"desktop_content_position":"center","content_alignment":"center","color_scheme":"background-1","full_width":true,"padding_top":20,"padding_bottom":52}},"slideshow":{"type":"slideshow","blocks":{"slide-0":{"type":"slide","settings":{"image":"shopify:\/\/shop_images\/sewing-tools-flatlay-knolling.jpg","heading":"Design-It-Yourself Knitting Patterns","heading_size":"medium","subheading":"Ever fancied being a knitwear designer? Create your own knitting designs with our pattern-making technology.","button_label":"Let's go!","link":"shopify:\/\/pages\/design-it-yourself","button_style_secondary":false,"box_align":"middle-center","show_text_box":true,"text_alignment":"center","image_overlay_opacity":0,"color_scheme":"background-1","text_alignment_mobile":"center"}},"slide-1":{"type":"slide","settings":{"image":"shopify:\/\/shop_images\/a-coffee-a-book-yarn-and-needles-for-knitting.jpg","heading":"Stitch Tracker","heading_size":"medium","subheading":"Struggling to keep track of your stitches? Let our Stitch Tracker guide you and take the hassle out of counting stitches.","button_label":"Let's go!","link":"shopify:\/\/pages\/stitch-tracker","button_style_secondary":false,"box_align":"middle-center","show_text_box":true,"text_alignment":"center","image_overlay_opacity":0,"color_scheme":"background-1","text_alignment_mobile":"center"}}},"block_order":["slide-0","slide-1"],"settings":{"layout":"grid","slide_height":"small","slider_visual":"dots","auto_rotate":true,"change_slides_speed":7,"show_text_below":true,"accessibility_info":"Slideshow description of our products and tools."}},"rich-text-1":{"type":"rich-text","blocks":{"heading":{"type":"heading","settings":{"heading":"<p>Featured products<\/p>","heading_size":"h2"}}},"block_order":["heading"],"settings":{"desktop_content_position":"center","content_alignment":"center","color_scheme":"background-1","full_width":false,"padding_top":56,"padding_bottom":0}},"featured-collection":{"type":"featured-collection","settings":{"title":"","heading_size":"h1","description":"","show_description":false,"description_style":"body","collection":"all","products_to_show":3,"columns_desktop":3,"full_width":false,"show_view_all":false,"view_all_style":"solid","enable_desktop_slider":false,"color_scheme":"background-1","image_ratio":"portrait","show_secondary_image":true,"show_vendor":true,"show_rating":false,"enable_quick_add":false,"columns_mobile":"2","swipe_on_mobile":true,"padding_top":28,"padding_bottom":28}},"bc452d13-375a-44ca-b39b-5bd3464f3f8c":{"type":"featured-blog","settings":{"heading":"Blog posts","heading_size":"h1","blog":"news","post_limit":3,"columns_desktop":3,"color_scheme":"background-1","show_image":true,"show_date":true,"show_author":false,"show_view_all":true,"padding_top":36,"padding_bottom":36}}},"order":["rich-text","slideshow","rich-text-1","featured-collection","bc452d13-375a-44ca-b39b-5bd3464f3f8c"]}