{"sections":{"main":{"type":"main-product","blocks":{"vendor":{"type":"text","settings":{"text":"{{ product.vendor }}","text_style":"uppercase"}},"title":{"type":"title","settings":{}},"price":{"type":"price","settings":{}},"variant_picker":{"type":"variant_picker","settings":{"picker_type":"button"}},"quantity_selector":{"type":"quantity_selector","settings":{}},"buy_buttons":{"type":"buy_buttons","settings":{"show_dynamic_checkout":true}},"share":{"type":"share","settings":{"share_label":"Share"}},"description":{"type":"description","settings":{}}},"block_order":["vendor","title","price","variant_picker","quantity_selector","buy_buttons","share","description"],"settings":{"enable_sticky_info":true,"media_size":"large","constrain_to_viewport":true,"media_fit":"contain","gallery_layout":"stacked","media_position":"left","image_zoom":"lightbox","mobile_thumbnails":"hide","hide_variants":true,"enable_video_looping":false,"padding_top":40,"padding_bottom":0}},"related-products":{"type":"related-products","settings":{"heading":"You may also like","heading_size":"h1","products_to_show":4,"columns_desktop":4,"color_scheme":"background-1","image_ratio":"portrait","show_secondary_image":true,"show_vendor":false,"show_rating":false,"columns_mobile":"2","padding_top":56,"padding_bottom":56}}},"order":["main","related-products"]}